{
	"class_name" : "PinholeCameraParameters",
	"extrinsic" : 
	[
		0.98649396326705241,
		-0.010129685970818834,
		0.16348409677946096,
		0.0,
		-0.011366019486899576,
		-0.99991343267405597,
		0.0066287826189744331,
		0.0,
		0.16340279691206935,
		-0.0083974174672213683,
		-0.98652369933073292,
		0.0,
		-0.87180447344642786,
		11.288205872271455,
		101.89494766541655,
		1.0
	],
	"intrinsic" : 
	{
		"height" : 1025,
		"intrinsic_matrix" : 
		[
			887.67603887904966,
			0.0,
			0.0,
			0.0,
			887.67603887904966,
			0.0,
			959.5,
			512.0,
			1.0
		],
		"width" : 1920
	},
	"version_major" : 1,
	"version_minor" : 0
}